"DateTime","Temperature","Light"
"9/16/13 1:01:00 PM","7.5",""
"9/16/13 5:01:00 PM","8.5",""
"9/16/13 9:01:00 PM","8.5",""
"9/17/13 1:01:00 AM","8",""
"9/17/13 5:01:00 AM","7.5",""
"9/17/13 9:01:00 AM","7",""
"9/17/13 1:01:00 PM","8",""
"9/17/13 5:01:00 PM","9.5",""
"9/17/13 9:01:00 PM","9",""
"9/18/13 1:01:00 AM","8.5",""
"9/18/13 5:01:00 AM","8",""
"9/18/13 9:01:00 AM","8",""
"9/18/13 1:01:00 PM","8.5",""
"9/18/13 5:01:00 PM","8.5",""
"9/18/13 9:01:00 PM","7.5",""
"9/19/13 1:01:00 AM","7",""
"9/19/13 5:01:00 AM","7",""
"9/19/13 9:01:00 AM","7",""
"9/19/13 1:01:00 PM","7.5",""
"9/19/13 5:01:00 PM","8.5",""
"9/19/13 9:01:00 PM","8.5",""
"9/20/13 1:01:00 AM","7.5",""
"9/20/13 5:01:00 AM","6.5",""
"9/20/13 9:01:00 AM","6",""
"9/20/13 1:01:00 PM","7",""
"9/20/13 5:01:00 PM","8",""
"9/20/13 9:01:00 PM","8",""
"9/21/13 1:01:00 AM","7.5",""
"9/21/13 5:01:00 AM","7",""
"9/21/13 9:01:00 AM","7",""
"9/21/13 1:01:00 PM","7",""
"9/21/13 5:01:00 PM","7.5",""
"9/21/13 9:01:00 PM","7.5",""
"9/22/13 1:01:00 AM","7.5",""
"9/22/13 5:01:00 AM","7",""
"9/22/13 9:01:00 AM","7",""
"9/22/13 1:01:00 PM","6.5",""
"9/22/13 5:01:00 PM","6.5",""
"9/22/13 9:01:00 PM","6",""
"9/23/13 1:01:00 AM","5.5",""
"9/23/13 5:01:00 AM","5",""
"9/23/13 9:01:00 AM","5",""
"9/23/13 1:01:00 PM","4.5",""
"9/23/13 5:01:00 PM","4.5",""
"9/23/13 9:01:00 PM","4.5",""
"9/24/13 1:01:00 AM","4.5",""
"9/24/13 5:01:00 AM","4",""
"9/24/13 9:01:00 AM","4",""
"9/24/13 1:01:00 PM","4",""
"9/24/13 5:01:00 PM","5.5",""
"9/24/13 9:01:00 PM","5.5",""
"9/25/13 1:01:00 AM","5",""
"9/25/13 5:01:00 AM","5",""
"9/25/13 9:01:00 AM","4.5",""
"9/25/13 1:01:00 PM","5",""
"9/25/13 5:01:00 PM","6",""
"9/25/13 9:01:00 PM","6",""
"9/26/13 1:01:00 AM","5.5",""
"9/26/13 5:01:00 AM","5",""
"9/26/13 9:01:00 AM","4.5",""
"9/26/13 1:01:00 PM","5",""
"9/26/13 5:01:00 PM","5.5",""
"9/26/13 9:01:00 PM","5.5",""
"9/27/13 1:01:00 AM","5",""
"9/27/13 5:01:00 AM","5",""
"9/27/13 9:01:00 AM","4.5",""
"9/27/13 1:01:00 PM","4.5",""
"9/27/13 5:01:00 PM","4",""
"9/27/13 9:01:00 PM","4",""
"9/28/13 1:01:00 AM","3.5",""
"9/28/13 5:01:00 AM","3.5",""
"9/28/13 9:01:00 AM","3",""
"9/28/13 1:01:00 PM","3",""
"9/28/13 5:01:00 PM","3",""
"9/28/13 9:01:00 PM","3",""
"9/29/13 1:01:00 AM","3",""
"9/29/13 5:01:00 AM","3",""
"9/29/13 9:01:00 AM","3",""
"9/29/13 1:01:00 PM","3",""
"9/29/13 5:01:00 PM","3.5",""
"9/29/13 9:01:00 PM","4",""
"9/30/13 1:01:00 AM","3.5",""
"9/30/13 5:01:00 AM","3.5",""
"9/30/13 9:01:00 AM","3.5",""
"9/30/13 1:01:00 PM","4",""
"9/30/13 5:01:00 PM","5",""
"9/30/13 9:01:00 PM","5.5",""
"10/1/13 1:01:00 AM","5",""
"10/1/13 5:01:00 AM","4.5",""
"10/1/13 9:01:00 AM","4",""
"10/1/13 1:01:00 PM","4.5",""
"10/1/13 5:01:00 PM","5.5",""
"10/1/13 9:01:00 PM","5.5",""
"10/2/13 1:01:00 AM","5",""
"10/2/13 5:01:00 AM","4.5",""
"10/2/13 9:01:00 AM","4.5",""
"10/2/13 1:01:00 PM","4.5",""
"10/2/13 5:01:00 PM","5.5",""
"10/2/13 9:01:00 PM","5.5",""
"10/3/13 1:01:00 AM","5",""
"10/3/13 5:01:00 AM","4.5",""
"10/3/13 9:01:00 AM","4",""
"10/3/13 1:01:00 PM","4.5",""
"10/3/13 5:01:00 PM","5",""
"10/3/13 9:01:00 PM","4.5",""
"10/4/13 1:01:00 AM","4.5",""
"10/4/13 5:01:00 AM","4",""
"10/4/13 9:01:00 AM","3.5",""
"10/4/13 1:01:00 PM","3",""
"10/4/13 5:01:00 PM","3",""
"10/4/13 9:01:00 PM","3",""
"10/5/13 1:01:00 AM","2.5",""
"10/5/13 5:01:00 AM","2.5",""
"10/5/13 9:01:00 AM","2",""
"10/5/13 1:01:00 PM","2",""
"10/5/13 5:01:00 PM","2",""
"10/5/13 9:01:00 PM","2",""
"10/6/13 1:01:00 AM","2",""
"10/6/13 5:01:00 AM","2",""
"10/6/13 9:01:00 AM","2",""
"10/6/13 1:01:00 PM","2",""
"10/6/13 5:01:00 PM","2.5",""
"10/6/13 9:01:00 PM","3",""
"10/7/13 1:01:00 AM","3",""
"10/7/13 5:01:00 AM","2.5",""
"10/7/13 9:01:00 AM","2.5",""
"10/7/13 1:01:00 PM","3",""
"10/7/13 5:01:00 PM","4.5",""
"10/7/13 9:01:00 PM","4.5",""
"10/8/13 1:01:00 AM","4",""
"10/8/13 5:01:00 AM","3.5",""
"10/8/13 9:01:00 AM","3.5",""
"10/8/13 1:01:00 PM","3.5",""
"10/8/13 5:01:00 PM","4",""
"10/8/13 9:01:00 PM","4",""
"10/9/13 1:01:00 AM","3.5",""
"10/9/13 5:01:00 AM","3.5",""
"10/9/13 9:01:00 AM","3",""
"10/9/13 1:01:00 PM","3",""
"10/9/13 5:01:00 PM","3.5",""
"10/9/13 9:01:00 PM","3.5",""
"10/10/13 1:01:00 AM","3",""
"10/10/13 5:01:00 AM","3",""
"10/10/13 9:01:00 AM","3",""
"10/10/13 1:01:00 PM","3",""
"10/10/13 5:01:00 PM","3",""
"10/10/13 9:01:00 PM","3",""
"10/11/13 1:01:00 AM","3",""
"10/11/13 5:01:00 AM","2.5",""
"10/11/13 9:01:00 AM","2.5",""
"10/11/13 1:01:00 PM","2.5",""
"10/11/13 5:01:00 PM","2.5",""
"10/11/13 9:01:00 PM","2.5",""
"10/12/13 1:01:00 AM","2.5",""
"10/12/13 5:01:00 AM","2.5",""
"10/12/13 9:01:00 AM","2.5",""
"10/12/13 1:01:00 PM","2.5",""
"10/12/13 5:01:00 PM","2.5",""
"10/12/13 9:01:00 PM","2.5",""
"10/13/13 1:01:00 AM","2.5",""
"10/13/13 5:01:00 AM","2.5",""
"10/13/13 9:01:00 AM","2.5",""
"10/13/13 1:01:00 PM","2.5",""
"10/13/13 5:01:00 PM","2.5",""
"10/13/13 9:01:00 PM","2.5",""
"10/14/13 1:01:00 AM","2.5",""
"10/14/13 5:01:00 AM","2.5",""
"10/14/13 9:01:00 AM","2.5",""
"10/14/13 1:01:00 PM","2.5",""
"10/14/13 5:01:00 PM","2.5",""
"10/14/13 9:01:00 PM","2.5",""
"10/15/13 1:01:00 AM","2.5",""
"10/15/13 5:01:00 AM","2.5",""
"10/15/13 9:01:00 AM","2.5",""
"10/15/13 1:01:00 PM","2.5",""
"10/15/13 5:01:00 PM","2.5",""
"10/15/13 9:01:00 PM","2.5",""
"10/16/13 1:01:00 AM","2.5",""
"10/16/13 5:01:00 AM","2.5",""
"10/16/13 9:01:00 AM","2.5",""
"10/16/13 1:01:00 PM","2.5",""
"10/16/13 5:01:00 PM","2",""
"10/16/13 9:01:00 PM","2",""
"10/17/13 1:01:00 AM","2",""
"10/17/13 5:01:00 AM","2",""
"10/17/13 9:01:00 AM","2",""
"10/17/13 1:01:00 PM","2",""
"10/17/13 5:01:00 PM","2",""
"10/17/13 9:01:00 PM","2",""
"10/18/13 1:01:00 AM","2",""
"10/18/13 5:01:00 AM","2",""
"10/18/13 9:01:00 AM","2",""
"10/18/13 1:01:00 PM","2",""
"10/18/13 5:01:00 PM","2",""
"10/18/13 9:01:00 PM","2",""
"10/19/13 1:01:00 AM","2",""
"10/19/13 5:01:00 AM","1.5",""
"10/19/13 9:01:00 AM","1.5",""
"10/19/13 1:01:00 PM","1.5",""
"10/19/13 5:01:00 PM","1.5",""
"10/19/13 9:01:00 PM","1.5",""
"10/20/13 1:01:00 AM","1.5",""
"10/20/13 5:01:00 AM","1.5",""
"10/20/13 9:01:00 AM","1.5",""
"10/20/13 1:01:00 PM","1.5",""
"10/20/13 5:01:00 PM","1.5",""
"10/20/13 9:01:00 PM","1.5",""
"10/21/13 1:01:00 AM","1.5",""
"10/21/13 5:01:00 AM","1.5",""
"10/21/13 9:01:00 AM","1.5",""
"10/21/13 1:01:00 PM","1.5",""
"10/21/13 5:01:00 PM","1.5",""
"10/21/13 9:01:00 PM","1.5",""
"10/22/13 1:01:00 AM","1.5",""
"10/22/13 5:01:00 AM","1.5",""
"10/22/13 9:01:00 AM","1.5",""
"10/22/13 1:01:00 PM","1.5",""
"10/22/13 5:01:00 PM","1.5",""
"10/22/13 9:01:00 PM","1.5",""
"10/23/13 1:01:00 AM","1.5",""
"10/23/13 5:01:00 AM","1.5",""
"10/23/13 9:01:00 AM","1.5",""
"10/23/13 1:01:00 PM","1.5",""
"10/23/13 5:01:00 PM","1.5",""
"10/23/13 9:01:00 PM","1.5",""
"10/24/13 1:01:00 AM","1.5",""
"10/24/13 5:01:00 AM","1.5",""
"10/24/13 9:01:00 AM","1.5",""
"10/24/13 1:01:00 PM","1.5",""
"10/24/13 5:01:00 PM","1.5",""
"10/24/13 9:01:00 PM","1.5",""
"10/25/13 1:01:00 AM","1.5",""
"10/25/13 5:01:00 AM","1.5",""
"10/25/13 9:01:00 AM","1.5",""
"10/25/13 1:01:00 PM","1.5",""
"10/25/13 5:01:00 PM","1.5",""
"10/25/13 9:01:00 PM","1.5",""
"10/26/13 1:01:00 AM","1.5",""
"10/26/13 5:01:00 AM","1.5",""
"10/26/13 9:01:00 AM","1.5",""
"10/26/13 1:01:00 PM","1.5",""
"10/26/13 5:01:00 PM","1.5",""
"10/26/13 9:01:00 PM","1.5",""
"10/27/13 1:01:00 AM","2",""
"10/27/13 5:01:00 AM","2",""
"10/27/13 9:01:00 AM","1.5",""
"10/27/13 1:01:00 PM","1.5",""
"10/27/13 5:01:00 PM","2",""
"10/27/13 9:01:00 PM","1.5",""
"10/28/13 1:01:00 AM","1.5",""
"10/28/13 5:01:00 AM","2",""
"10/28/13 9:01:00 AM","1.5",""
"10/28/13 1:01:00 PM","1.5",""
"10/28/13 5:01:00 PM","1.5",""
"10/28/13 9:01:00 PM","1.5",""
"10/29/13 1:01:00 AM","1.5",""
"10/29/13 5:01:00 AM","1.5",""
"10/29/13 9:01:00 AM","1.5",""
"10/29/13 1:01:00 PM","1.5",""
"10/29/13 5:01:00 PM","1.5",""
"10/29/13 9:01:00 PM","1.5",""
"10/30/13 1:01:00 AM","1.5",""
"10/30/13 5:01:00 AM","1.5",""
"10/30/13 9:01:00 AM","1.5",""
"10/30/13 1:01:00 PM","1.5",""
"10/30/13 5:01:00 PM","1.5",""
"10/30/13 9:01:00 PM","1.5",""
"10/31/13 1:01:00 AM","1.5",""
"10/31/13 5:01:00 AM","1",""
"10/31/13 9:01:00 AM","1",""
"10/31/13 1:01:00 PM","1",""
"10/31/13 5:01:00 PM","1",""
"10/31/13 9:01:00 PM","1",""
"11/1/13 1:01:00 AM","1",""
"11/1/13 5:01:00 AM","1",""
"11/1/13 9:01:00 AM","1",""
"11/1/13 1:01:00 PM","1",""
"11/1/13 5:01:00 PM","1",""
"11/1/13 9:01:00 PM","1",""
"11/2/13 1:01:00 AM","1",""
"11/2/13 5:01:00 AM","1",""
"11/2/13 9:01:00 AM","1",""
"11/2/13 1:01:00 PM","1",""
"11/2/13 5:01:00 PM","1",""
"11/2/13 9:01:00 PM","1",""
"11/3/13 1:01:00 AM","1",""
"11/3/13 5:01:00 AM","1",""
"11/3/13 9:01:00 AM","1",""
"11/3/13 1:01:00 PM","1",""
"11/3/13 5:01:00 PM","1",""
"11/3/13 9:01:00 PM","1",""
"11/4/13 1:01:00 AM","1",""
"11/4/13 5:01:00 AM","1",""
"11/4/13 9:01:00 AM","1",""
"11/4/13 1:01:00 PM","1",""
"11/4/13 5:01:00 PM","1",""
"11/4/13 9:01:00 PM","1",""
"11/5/13 1:01:00 AM","1",""
"11/5/13 5:01:00 AM","1",""
"11/5/13 9:01:00 AM","1",""
"11/5/13 1:01:00 PM","1",""
"11/5/13 5:01:00 PM","1",""
"11/5/13 9:01:00 PM","1",""
"11/6/13 1:01:00 AM","1",""
"11/6/13 5:01:00 AM","1",""
"11/6/13 9:01:00 AM","1",""
"11/6/13 1:01:00 PM","1",""
"11/6/13 5:01:00 PM","1",""
"11/6/13 9:01:00 PM","1",""
"11/7/13 1:01:00 AM","0.5",""
"11/7/13 5:01:00 AM","0.5",""
"11/7/13 9:01:00 AM","0.5",""
"11/7/13 1:01:00 PM","0.5",""
"11/7/13 5:01:00 PM","0.5",""
"11/7/13 9:01:00 PM","0.5",""
"11/8/13 1:01:00 AM","0.5",""
"11/8/13 5:01:00 AM","0.5",""
"11/8/13 9:01:00 AM","0.5",""
"11/8/13 1:01:00 PM","0.5",""
"11/8/13 5:01:00 PM","0.5",""
"11/8/13 9:01:00 PM","0.5",""
"11/9/13 1:01:00 AM","0.5",""
"11/9/13 5:01:00 AM","0.5",""
"11/9/13 9:01:00 AM","0.5",""
"11/9/13 1:01:00 PM","0.5",""
"11/9/13 5:01:00 PM","0.5",""
"11/9/13 9:01:00 PM","0.5",""
"11/10/13 1:01:00 AM","0.5",""
"11/10/13 5:01:00 AM","0.5",""
"11/10/13 9:01:00 AM","0.5",""
"11/10/13 1:01:00 PM","0.5",""
"11/10/13 5:01:00 PM","0.5",""
"11/10/13 9:01:00 PM","0.5",""
"11/11/13 1:01:00 AM","0.5",""
"11/11/13 5:01:00 AM","0.5",""
"11/11/13 9:01:00 AM","0.5",""
"11/11/13 1:01:00 PM","0.5",""
"11/11/13 5:01:00 PM","0.5",""
"11/11/13 9:01:00 PM","0.5",""
"11/12/13 1:01:00 AM","0.5",""
"11/12/13 5:01:00 AM","0.5",""
"11/12/13 9:01:00 AM","0.5",""
"11/12/13 1:01:00 PM","0.5",""
"11/12/13 5:01:00 PM","0.5",""
"11/12/13 9:01:00 PM","0.5",""
"11/13/13 1:01:00 AM","0.5",""
"11/13/13 5:01:00 AM","0.5",""
"11/13/13 9:01:00 AM","0.5",""
"11/13/13 1:01:00 PM","0.5",""
"11/13/13 5:01:00 PM","0.5",""
"11/13/13 9:01:00 PM","0.5",""
"11/14/13 1:01:00 AM","0.5",""
"11/14/13 5:01:00 AM","0.5",""
"11/14/13 9:01:00 AM","0.5",""
"11/14/13 1:01:00 PM","0.5",""
"11/14/13 5:01:00 PM","0.5",""
"11/14/13 9:01:00 PM","0.5",""
"11/15/13 1:01:00 AM","0.5",""
"11/15/13 5:01:00 AM","0.5",""
"11/15/13 9:01:00 AM","0.5",""
"11/15/13 1:01:00 PM","0.5",""
"11/15/13 5:01:00 PM","0.5",""
"11/15/13 9:01:00 PM","0.5",""
"11/16/13 1:01:00 AM","0.5",""
"11/16/13 5:01:00 AM","0.5",""
"11/16/13 9:01:00 AM","0.5",""
"11/16/13 1:01:00 PM","0.5",""
"11/16/13 5:01:00 PM","0.5",""
"11/16/13 9:01:00 PM","0.5",""
"11/17/13 1:01:00 AM","0.5",""
"11/17/13 5:01:00 AM","0.5",""
"11/17/13 9:01:00 AM","0.5",""
"11/17/13 1:01:00 PM","0.5",""
"11/17/13 5:01:00 PM","0.5",""
"11/17/13 9:01:00 PM","0.5",""
"11/18/13 1:01:00 AM","0.5",""
"11/18/13 5:01:00 AM","0.5",""
"11/18/13 9:01:00 AM","0.5",""
"11/18/13 1:01:00 PM","0.5",""
"11/18/13 5:01:00 PM","0.5",""
"11/18/13 9:01:00 PM","0.5",""
"11/19/13 1:01:00 AM","0.5",""
"11/19/13 5:01:00 AM","0.5",""
"11/19/13 9:01:00 AM","0.5",""
"11/19/13 1:01:00 PM","0.5",""
"11/19/13 5:01:00 PM","0",""
"11/19/13 9:01:00 PM","0",""
"11/20/13 1:01:00 AM","0",""
"11/20/13 5:01:00 AM","0",""
"11/20/13 9:01:00 AM","0",""
"11/20/13 1:01:00 PM","0.5",""
"11/20/13 5:01:00 PM","0.5",""
"11/20/13 9:01:00 PM","0.5",""
"11/21/13 1:01:00 AM","0",""
"11/21/13 5:01:00 AM","0.5",""
"11/21/13 9:01:00 AM","0.5",""
"11/21/13 1:01:00 PM","0.5",""
"11/21/13 5:01:00 PM","0",""
"11/21/13 9:01:00 PM","0.5",""
"11/22/13 1:01:00 AM","0.5",""
"11/22/13 5:01:00 AM","0.5",""
"11/22/13 9:01:00 AM","0.5",""
"11/22/13 1:01:00 PM","0.5",""
"11/22/13 5:01:00 PM","0.5",""
"11/22/13 9:01:00 PM","0.5",""
"11/23/13 1:01:00 AM","0.5",""
"11/23/13 5:01:00 AM","0.5",""
"11/23/13 9:01:00 AM","0.5",""
"11/23/13 1:01:00 PM","0.5",""
"11/23/13 5:01:00 PM","0.5",""
"11/23/13 9:01:00 PM","0.5",""
"11/24/13 1:01:00 AM","0.5",""
"11/24/13 5:01:00 AM","0.5",""
"11/24/13 9:01:00 AM","0.5",""
"11/24/13 1:01:00 PM","0.5",""
"11/24/13 5:01:00 PM","0.5",""
"11/24/13 9:01:00 PM","0.5",""
"11/25/13 1:01:00 AM","0.5",""
"11/25/13 5:01:00 AM","0.5",""
"11/25/13 9:01:00 AM","0.5",""
"11/25/13 1:01:00 PM","0.5",""
"11/25/13 5:01:00 PM","0.5",""
"11/25/13 9:01:00 PM","0.5",""
"11/26/13 1:01:00 AM","0.5",""
"11/26/13 5:01:00 AM","0.5",""
"11/26/13 9:01:00 AM","0.5",""
"11/26/13 1:01:00 PM","0.5",""
"11/26/13 5:01:00 PM","0.5",""
"11/26/13 9:01:00 PM","0.5",""
"11/27/13 1:01:00 AM","0.5",""
"11/27/13 5:01:00 AM","0.5",""
"11/27/13 9:01:00 AM","0.5",""
"11/27/13 1:01:00 PM","0.5",""
"11/27/13 5:01:00 PM","0.5",""
"11/27/13 9:01:00 PM","0.5",""
"11/28/13 1:01:00 AM","0.5",""
"11/28/13 5:01:00 AM","0.5",""
"11/28/13 9:01:00 AM","0.5",""
"11/28/13 1:01:00 PM","0.5",""
"11/28/13 5:01:00 PM","0.5",""
"11/28/13 9:01:00 PM","0.5",""
"11/29/13 1:01:00 AM","0.5",""
"11/29/13 5:01:00 AM","0.5",""
"11/29/13 9:01:00 AM","0.5",""
"11/29/13 1:01:00 PM","0.5",""
"11/29/13 5:01:00 PM","0.5",""
"11/29/13 9:01:00 PM","0.5",""
"11/30/13 1:01:00 AM","0.5",""
"11/30/13 5:01:00 AM","0.5",""
"11/30/13 9:01:00 AM","0.5",""
"11/30/13 1:01:00 PM","0.5",""
"11/30/13 5:01:00 PM","0.5",""
"11/30/13 9:01:00 PM","0",""
"12/1/13 1:01:00 AM","0",""
"12/1/13 5:01:00 AM","0",""
"12/1/13 9:01:00 AM","0.5",""
"12/1/13 1:01:00 PM","0",""
"12/1/13 5:01:00 PM","0",""
"12/1/13 9:01:00 PM","0",""
"12/2/13 1:01:00 AM","0",""
"12/2/13 5:01:00 AM","0",""
"12/2/13 9:01:00 AM","0",""
"12/2/13 1:01:00 PM","0",""
"12/2/13 5:01:00 PM","0",""
"12/2/13 9:01:00 PM","0",""
"12/3/13 1:01:00 AM","0",""
"12/3/13 5:01:00 AM","0",""
"12/3/13 9:01:00 AM","0",""
"12/3/13 1:01:00 PM","0",""
"12/3/13 5:01:00 PM","0",""
"12/3/13 9:01:00 PM","0",""
"12/4/13 1:01:00 AM","0",""
"12/4/13 5:01:00 AM","0",""
"12/4/13 9:01:00 AM","0",""
"12/4/13 1:01:00 PM","0",""
"12/4/13 5:01:00 PM","0",""
"12/4/13 9:01:00 PM","0",""
"12/5/13 1:01:00 AM","0",""
"12/5/13 5:01:00 AM","0",""
"12/5/13 9:01:00 AM","0",""
"12/5/13 1:01:00 PM","0",""
"12/5/13 5:01:00 PM","0",""
"12/5/13 9:01:00 PM","0",""
"12/6/13 1:01:00 AM","0",""
"12/6/13 5:01:00 AM","0",""
"12/6/13 9:01:00 AM","0",""
"12/6/13 1:01:00 PM","0",""
"12/6/13 5:01:00 PM","0",""
"12/6/13 9:01:00 PM","0",""
"12/7/13 1:01:00 AM","0",""
"12/7/13 5:01:00 AM","0",""
"12/7/13 9:01:00 AM","0",""
"12/7/13 1:01:00 PM","0",""
"12/7/13 5:01:00 PM","0",""
"12/7/13 9:01:00 PM","0",""
"12/8/13 1:01:00 AM","0",""
"12/8/13 5:01:00 AM","0",""
"12/8/13 9:01:00 AM","0",""
"12/8/13 1:01:00 PM","0",""
"12/8/13 5:01:00 PM","0",""
"12/8/13 9:01:00 PM","0",""
"12/9/13 1:01:00 AM","0",""
"12/9/13 5:01:00 AM","0",""
"12/9/13 9:01:00 AM","0",""
"12/9/13 1:01:00 PM","0",""
"12/9/13 5:01:00 PM","0",""
"12/9/13 9:01:00 PM","0",""
"12/10/13 1:01:00 AM","0",""
"12/10/13 5:01:00 AM","0",""
"12/10/13 9:01:00 AM","0",""
"12/10/13 1:01:00 PM","0",""
"12/10/13 5:01:00 PM","0",""
"12/10/13 9:01:00 PM","0",""
"12/11/13 1:01:00 AM","0",""
"12/11/13 5:01:00 AM","0",""
"12/11/13 9:01:00 AM","0",""
"12/11/13 1:01:00 PM","0",""
"12/11/13 5:01:00 PM","0",""
"12/11/13 9:01:00 PM","0",""
"12/12/13 1:01:00 AM","0",""
"12/12/13 5:01:00 AM","0",""
"12/12/13 9:01:00 AM","-0.5",""
"12/12/13 1:01:00 PM","0",""
"12/12/13 5:01:00 PM","-0.5",""
"12/12/13 9:01:00 PM","-0.5",""
"12/13/13 1:01:00 AM","-0.5",""
"12/13/13 5:01:00 AM","-0.5",""
"12/13/13 9:01:00 AM","-0.5",""
"12/13/13 1:01:00 PM","-0.5",""
"12/13/13 5:01:00 PM","-0.5",""
"12/13/13 9:01:00 PM","-0.5",""
"12/14/13 1:01:00 AM","-0.5",""
"12/14/13 5:01:00 AM","-0.5",""
"12/14/13 9:01:00 AM","-0.5",""
"12/14/13 1:01:00 PM","-0.5",""
"12/14/13 5:01:00 PM","-0.5",""
"12/14/13 9:01:00 PM","-0.5",""
"12/15/13 1:01:00 AM","-0.5",""
"12/15/13 5:01:00 AM","-0.5",""
"12/15/13 9:01:00 AM","-0.5",""
"12/15/13 1:01:00 PM","-0.5",""
"12/15/13 5:01:00 PM","-0.5",""
"12/15/13 9:01:00 PM","-0.5",""
"12/16/13 1:01:00 AM","-0.5",""
"12/16/13 5:01:00 AM","-0.5",""
"12/16/13 9:01:00 AM","-0.5",""
"12/16/13 1:01:00 PM","-0.5",""
"12/16/13 5:01:00 PM","-0.5",""
"12/16/13 9:01:00 PM","-0.5",""
"12/17/13 1:01:00 AM","-0.5",""
"12/17/13 5:01:00 AM","-0.5",""
"12/17/13 9:01:00 AM","-0.5",""
"12/17/13 1:01:00 PM","-0.5",""
"12/17/13 5:01:00 PM","-0.5",""
"12/17/13 9:01:00 PM","-0.5",""
"12/18/13 1:01:00 AM","-0.5",""
"12/18/13 5:01:00 AM","-0.5",""
"12/18/13 9:01:00 AM","-0.5",""
"12/18/13 1:01:00 PM","-0.5",""
"12/18/13 5:01:00 PM","-0.5",""
"12/18/13 9:01:00 PM","-0.5",""
"12/19/13 1:01:00 AM","-0.5",""
"12/19/13 5:01:00 AM","-0.5",""
"12/19/13 9:01:00 AM","-0.5",""
"12/19/13 1:01:00 PM","-0.5",""
"12/19/13 5:01:00 PM","0",""
"12/19/13 9:01:00 PM","-0.5",""
"12/20/13 1:01:00 AM","0",""
"12/20/13 5:01:00 AM","-0.5",""
"12/20/13 9:01:00 AM","0",""
"12/20/13 1:01:00 PM","0",""
"12/20/13 5:01:00 PM","0",""
"12/20/13 9:01:00 PM","-0.5",""
"12/21/13 1:01:00 AM","0",""
"12/21/13 5:01:00 AM","0",""
"12/21/13 9:01:00 AM","0",""
"12/21/13 1:01:00 PM","0",""
"12/21/13 5:01:00 PM","-0.5",""
"12/21/13 9:01:00 PM","-0.5",""
"12/22/13 1:01:00 AM","-0.5",""
"12/22/13 5:01:00 AM","-0.5",""
"12/22/13 9:01:00 AM","-0.5",""
"12/22/13 1:01:00 PM","-0.5",""
"12/22/13 5:01:00 PM","-0.5",""
"12/22/13 9:01:00 PM","-0.5",""
"12/23/13 1:01:00 AM","-0.5",""
"12/23/13 5:01:00 AM","-0.5",""
"12/23/13 9:01:00 AM","-0.5",""
"12/23/13 1:01:00 PM","-0.5",""
"12/23/13 5:01:00 PM","-0.5",""
"12/23/13 9:01:00 PM","-0.5",""
"12/24/13 1:01:00 AM","-0.5",""
"12/24/13 5:01:00 AM","-0.5",""
"12/24/13 9:01:00 AM","-0.5",""
"12/24/13 1:01:00 PM","-0.5",""
"12/24/13 5:01:00 PM","-0.5",""
"12/24/13 9:01:00 PM","-0.5",""
"12/25/13 1:01:00 AM","-0.5",""
"12/25/13 5:01:00 AM","-0.5",""
"12/25/13 9:01:00 AM","-0.5",""
"12/25/13 1:01:00 PM","-0.5",""
"12/25/13 5:01:00 PM","-0.5",""
"12/25/13 9:01:00 PM","-0.5",""
"12/26/13 1:01:00 AM","-0.5",""
"12/26/13 5:01:00 AM","-0.5",""
"12/26/13 9:01:00 AM","-0.5",""
"12/26/13 1:01:00 PM","-0.5",""
"12/26/13 5:01:00 PM","-0.5",""
"12/26/13 9:01:00 PM","-0.5",""
"12/27/13 1:01:00 AM","-0.5",""
"12/27/13 5:01:00 AM","-0.5",""
"12/27/13 9:01:00 AM","-0.5",""
"12/27/13 1:01:00 PM","-0.5",""
"12/27/13 5:01:00 PM","-0.5",""
"12/27/13 9:01:00 PM","-0.5",""
"12/28/13 1:01:00 AM","-0.5",""
"12/28/13 5:01:00 AM","-0.5",""
"12/28/13 9:01:00 AM","-0.5",""
"12/28/13 1:01:00 PM","-0.5",""
"12/28/13 5:01:00 PM","-0.5",""
"12/28/13 9:01:00 PM","-0.5",""
"12/29/13 1:01:00 AM","-0.5",""
"12/29/13 5:01:00 AM","-0.5",""
"12/29/13 9:01:00 AM","-0.5",""
"12/29/13 1:01:00 PM","-0.5",""
"12/29/13 5:01:00 PM","-0.5",""
"12/29/13 9:01:00 PM","-0.5",""
"12/30/13 1:01:00 AM","-0.5",""
"12/30/13 5:01:00 AM","-0.5",""
"12/30/13 9:01:00 AM","-0.5",""
"12/30/13 1:01:00 PM","-0.5",""
"12/30/13 5:01:00 PM","-0.5",""
"12/30/13 9:01:00 PM","-0.5",""
"12/31/13 1:01:00 AM","-0.5",""
"12/31/13 5:01:00 AM","-0.5",""
"12/31/13 9:01:00 AM","-0.5",""
"12/31/13 1:01:00 PM","-0.5",""
"12/31/13 5:01:00 PM","-0.5",""
"12/31/13 9:01:00 PM","-0.5",""
"1/1/14 1:01:00 AM","-0.5",""
"1/1/14 5:01:00 AM","-0.5",""
"1/1/14 9:01:00 AM","-0.5",""
"1/1/14 1:01:00 PM","-0.5",""
"1/1/14 5:01:00 PM","-0.5",""
"1/1/14 9:01:00 PM","-0.5",""
"1/2/14 1:01:00 AM","-0.5",""
"1/2/14 5:01:00 AM","-0.5",""
"1/2/14 9:01:00 AM","-0.5",""
"1/2/14 1:01:00 PM","-0.5",""
"1/2/14 5:01:00 PM","-0.5",""
"1/2/14 9:01:00 PM","-0.5",""
"1/3/14 1:01:00 AM","-0.5",""
"1/3/14 5:01:00 AM","-0.5",""
"1/3/14 9:01:00 AM","-0.5",""
"1/3/14 1:01:00 PM","-0.5",""
"1/3/14 5:01:00 PM","-0.5",""
"1/3/14 9:01:00 PM","-0.5",""
"1/4/14 1:01:00 AM","-0.5",""
"1/4/14 5:01:00 AM","-0.5",""
"1/4/14 9:01:00 AM","-0.5",""
"1/4/14 1:01:00 PM","-0.5",""
"1/4/14 5:01:00 PM","-0.5",""
"1/4/14 9:01:00 PM","-0.5",""
"1/5/14 1:01:00 AM","-0.5",""
"1/5/14 5:01:00 AM","-0.5",""
"1/5/14 9:01:00 AM","-0.5",""
"1/5/14 1:01:00 PM","-0.5",""
"1/5/14 5:01:00 PM","-0.5",""
"1/5/14 9:01:00 PM","-0.5",""
"1/6/14 1:01:00 AM","-1",""
"1/6/14 5:01:00 AM","-1",""
"1/6/14 9:01:00 AM","-1",""
"1/6/14 1:01:00 PM","-1",""
"1/6/14 5:01:00 PM","-1",""
"1/6/14 9:01:00 PM","-1",""
"1/7/14 1:01:00 AM","-1",""
"1/7/14 5:01:00 AM","-1",""
"1/7/14 9:01:00 AM","-1",""
"1/7/14 1:01:00 PM","-1",""
"1/7/14 5:01:00 PM","-1",""
"1/7/14 9:01:00 PM","-1",""
"1/8/14 1:01:00 AM","-1",""
"1/8/14 5:01:00 AM","-1",""
"1/8/14 9:01:00 AM","-1",""
"1/8/14 1:01:00 PM","-1",""
"1/8/14 5:01:00 PM","-1",""
"1/8/14 9:01:00 PM","-1",""
"1/9/14 1:01:00 AM","-1",""
"1/9/14 5:01:00 AM","-1",""
"1/9/14 9:01:00 AM","-1",""
"1/9/14 1:01:00 PM","-1",""
"1/9/14 5:01:00 PM","-1",""
"1/9/14 9:01:00 PM","-1",""
"1/10/14 1:01:00 AM","-1",""
"1/10/14 5:01:00 AM","-1",""
"1/10/14 9:01:00 AM","-1",""
"1/10/14 1:01:00 PM","-1",""
"1/10/14 5:01:00 PM","-1",""
"1/10/14 9:01:00 PM","-1",""
"1/11/14 1:01:00 AM","-1",""
"1/11/14 5:01:00 AM","-1",""
"1/11/14 9:01:00 AM","-1",""
"1/11/14 1:01:00 PM","-1",""
"1/11/14 5:01:00 PM","-1",""
"1/11/14 9:01:00 PM","-1",""
"1/12/14 1:01:00 AM","-1",""
"1/12/14 5:01:00 AM","-1",""
"1/12/14 9:01:00 AM","-1",""
"1/12/14 1:01:00 PM","-1",""
"1/12/14 5:01:00 PM","-1",""
"1/12/14 9:01:00 PM","-1",""
"1/13/14 1:01:00 AM","-1",""
"1/13/14 5:01:00 AM","-1",""
"1/13/14 9:01:00 AM","-1",""
"1/13/14 1:01:00 PM","-1",""
"1/13/14 5:01:00 PM","-1",""
"1/13/14 9:01:00 PM","-1",""
"1/14/14 1:01:00 AM","-1",""
"1/14/14 5:01:00 AM","-1",""
"1/14/14 9:01:00 AM","-1",""
"1/14/14 1:01:00 PM","-1",""
"1/14/14 5:01:00 PM","-1",""
"1/14/14 9:01:00 PM","-1",""
"1/15/14 1:01:00 AM","-1",""
"1/15/14 5:01:00 AM","-1",""
"1/15/14 9:01:00 AM","-1",""
"1/15/14 1:01:00 PM","-1",""
"1/15/14 5:01:00 PM","-1",""
"1/15/14 9:01:00 PM","-1",""
"1/16/14 1:01:00 AM","-1",""
"1/16/14 5:01:00 AM","-1",""
"1/16/14 9:01:00 AM","-1",""
"1/16/14 1:01:00 PM","-1",""
"1/16/14 5:01:00 PM","-1",""
"1/16/14 9:01:00 PM","-1",""
"1/17/14 1:01:00 AM","-1",""
"1/17/14 5:01:00 AM","-1",""
"1/17/14 9:01:00 AM","-1",""
"1/17/14 1:01:00 PM","-1",""
"1/17/14 5:01:00 PM","-1",""
"1/17/14 9:01:00 PM","-1",""
"1/18/14 1:01:00 AM","-1",""
"1/18/14 5:01:00 AM","-1",""
"1/18/14 9:01:00 AM","-1",""
"1/18/14 1:01:00 PM","-1",""
"1/18/14 5:01:00 PM","-1",""
"1/18/14 9:01:00 PM","-1",""
"1/19/14 1:01:00 AM","-1",""
"1/19/14 5:01:00 AM","-1",""
"1/19/14 9:01:00 AM","-1",""
"1/19/14 1:01:00 PM","-1",""
"1/19/14 5:01:00 PM","-1",""
"1/19/14 9:01:00 PM","-1",""
"1/20/14 1:01:00 AM","-1",""
"1/20/14 5:01:00 AM","-1",""
"1/20/14 9:01:00 AM","-1",""
"1/20/14 1:01:00 PM","-1",""
"1/20/14 5:01:00 PM","-1",""
"1/20/14 9:01:00 PM","-1",""
"1/21/14 1:01:00 AM","-1",""
"1/21/14 5:01:00 AM","-1",""
"1/21/14 9:01:00 AM","-1",""
"1/21/14 1:01:00 PM","-1",""
"1/21/14 5:01:00 PM","-1",""
"1/21/14 9:01:00 PM","-1",""
"1/22/14 1:01:00 AM","-1",""
"1/22/14 5:01:00 AM","-1",""
"1/22/14 9:01:00 AM","-1",""
"1/22/14 1:01:00 PM","-1",""
"1/22/14 5:01:00 PM","-1",""
"1/22/14 9:01:00 PM","-1",""
"1/23/14 1:01:00 AM","-1",""
"1/23/14 5:01:00 AM","-1",""
"1/23/14 9:01:00 AM","-1",""
"1/23/14 1:01:00 PM","-1",""
"1/23/14 5:01:00 PM","-1",""
"1/23/14 9:01:00 PM","-1",""
"1/24/14 1:01:00 AM","-1",""
"1/24/14 5:01:00 AM","-1",""
"1/24/14 9:01:00 AM","-1",""
"1/24/14 1:01:00 PM","-1",""
"1/24/14 5:01:00 PM","-1",""
"1/24/14 9:01:00 PM","-1",""
"1/25/14 1:01:00 AM","-1.5",""
"1/25/14 5:01:00 AM","-1.5",""
"1/25/14 9:01:00 AM","-1.5",""
"1/25/14 1:01:00 PM","-1.5",""
"1/25/14 5:01:00 PM","-1.5",""
"1/25/14 9:01:00 PM","-1.5",""
"1/26/14 1:01:00 AM","-1.5",""
"1/26/14 5:01:00 AM","-1.5",""
"1/26/14 9:01:00 AM","-1.5",""
"1/26/14 1:01:00 PM","-1",""
"1/26/14 5:01:00 PM","-1.5",""
"1/26/14 9:01:00 PM","-1",""
"1/27/14 1:01:00 AM","-1",""
"1/27/14 5:01:00 AM","-1",""
"1/27/14 9:01:00 AM","-1",""
"1/27/14 1:01:00 PM","-1",""
"1/27/14 5:01:00 PM","-1",""
"1/27/14 9:01:00 PM","-1",""
"1/28/14 1:01:00 AM","-1",""
"1/28/14 5:01:00 AM","-1",""
"1/28/14 9:01:00 AM","-1",""
"1/28/14 1:01:00 PM","-1",""
"1/28/14 5:01:00 PM","-1",""
"1/28/14 9:01:00 PM","-1.5",""
"1/29/14 1:01:00 AM","-1.5",""
"1/29/14 5:01:00 AM","-1.5",""
"1/29/14 9:01:00 AM","-1.5",""
"1/29/14 1:01:00 PM","-1.5",""
"1/29/14 5:01:00 PM","-1.5",""
"1/29/14 9:01:00 PM","-1.5",""
"1/30/14 1:01:00 AM","-1.5",""
"1/30/14 5:01:00 AM","-1.5",""
"1/30/14 9:01:00 AM","-1.5",""
"1/30/14 1:01:00 PM","-1.5",""
"1/30/14 5:01:00 PM","-1.5",""
"1/30/14 9:01:00 PM","-1.5",""
"1/31/14 1:01:00 AM","-1.5",""
"1/31/14 5:01:00 AM","-1.5",""
"1/31/14 9:01:00 AM","-1.5",""
"1/31/14 1:01:00 PM","-1.5",""
"1/31/14 5:01:00 PM","-1.5",""
"1/31/14 9:01:00 PM","-1.5",""
"2/1/14 1:01:00 AM","-1.5",""
"2/1/14 5:01:00 AM","-1.5",""
"2/1/14 9:01:00 AM","-1.5",""
"2/1/14 1:01:00 PM","-1",""
"2/1/14 5:01:00 PM","-1",""
"2/1/14 9:01:00 PM","-1",""
"2/2/14 1:01:00 AM","-1",""
"2/2/14 5:01:00 AM","-1",""
"2/2/14 9:01:00 AM","-1.5",""
"2/2/14 1:01:00 PM","-1.5",""
"2/2/14 5:01:00 PM","-1.5",""
"2/2/14 9:01:00 PM","-1.5",""
"2/3/14 1:01:00 AM","-1.5",""
"2/3/14 5:01:00 AM","-1.5",""
"2/3/14 9:01:00 AM","-1.5",""
"2/3/14 1:01:00 PM","-1.5",""
"2/3/14 5:01:00 PM","-1.5",""
"2/3/14 9:01:00 PM","-1.5",""
"2/4/14 1:01:00 AM","-1.5",""
"2/4/14 5:01:00 AM","-1.5",""
"2/4/14 9:01:00 AM","-1.5",""
"2/4/14 1:01:00 PM","-1.5",""
"2/4/14 5:01:00 PM","-1.5",""
"2/4/14 9:01:00 PM","-1.5",""
"2/5/14 1:01:00 AM","-1.5",""
"2/5/14 5:01:00 AM","-1.5",""
"2/5/14 9:01:00 AM","-1.5",""
"2/5/14 1:01:00 PM","-1.5",""
"2/5/14 5:01:00 PM","-1.5",""
"2/5/14 9:01:00 PM","-1.5",""
"2/6/14 1:01:00 AM","-1.5",""
"2/6/14 5:01:00 AM","-1.5",""
"2/6/14 9:01:00 AM","-1.5",""
"2/6/14 1:01:00 PM","-1.5",""
"2/6/14 5:01:00 PM","-1.5",""
"2/6/14 9:01:00 PM","-1.5",""
"2/7/14 1:01:00 AM","-1.5",""
"2/7/14 5:01:00 AM","-1.5",""
"2/7/14 9:01:00 AM","-1.5",""
"2/7/14 1:01:00 PM","-1.5",""
"2/7/14 5:01:00 PM","-1.5",""
"2/7/14 9:01:00 PM","-1.5",""
"2/8/14 1:01:00 AM","-1.5",""
"2/8/14 5:01:00 AM","-1.5",""
"2/8/14 9:01:00 AM","-1.5",""
"2/8/14 1:01:00 PM","-1.5",""
"2/8/14 5:01:00 PM","-1.5",""
"2/8/14 9:01:00 PM","-1.5",""
"2/9/14 1:01:00 AM","-1.5",""
"2/9/14 5:01:00 AM","-1.5",""
"2/9/14 9:01:00 AM","-1.5",""
"2/9/14 1:01:00 PM","-1.5",""
"2/9/14 5:01:00 PM","-1.5",""
"2/9/14 9:01:00 PM","-1.5",""
"2/10/14 1:01:00 AM","-1.5",""
"2/10/14 5:01:00 AM","-1.5",""
"2/10/14 9:01:00 AM","-1.5",""
"2/10/14 1:01:00 PM","-1.5",""
"2/10/14 5:01:00 PM","-1.5",""
"2/10/14 9:01:00 PM","-1.5",""
"2/11/14 1:01:00 AM","-1.5",""
"2/11/14 5:01:00 AM","-1.5",""
"2/11/14 9:01:00 AM","-1.5",""
"2/11/14 1:01:00 PM","-1.5",""
"2/11/14 5:01:00 PM","-1.5",""
"2/11/14 9:01:00 PM","-1.5",""
"2/12/14 1:01:00 AM","-1.5",""
"2/12/14 5:01:00 AM","-1.5",""
"2/12/14 9:01:00 AM","-1.5",""
"2/12/14 1:01:00 PM","-1.5",""
"2/12/14 5:01:00 PM","-1.5",""
"2/12/14 9:01:00 PM","-1.5",""
"2/13/14 1:01:00 AM","-1",""
"2/13/14 5:01:00 AM","-1",""
"2/13/14 9:01:00 AM","-1",""
"2/13/14 1:01:00 PM","-1",""
"2/13/14 5:01:00 PM","-1",""
"2/13/14 9:01:00 PM","-1",""
"2/14/14 1:01:00 AM","-1",""
"2/14/14 5:01:00 AM","-1",""
"2/14/14 9:01:00 AM","-1",""
"2/14/14 1:01:00 PM","-1",""
"2/14/14 5:01:00 PM","-1",""
"2/14/14 9:01:00 PM","-1",""
"2/15/14 1:01:00 AM","-1",""
"2/15/14 5:01:00 AM","-1",""
"2/15/14 9:01:00 AM","-1",""
"2/15/14 1:01:00 PM","-1",""
"2/15/14 5:01:00 PM","-1",""
"2/15/14 9:01:00 PM","-1",""
"2/16/14 1:01:00 AM","-1",""
"2/16/14 5:01:00 AM","-1",""
"2/16/14 9:01:00 AM","-1",""
"2/16/14 1:01:00 PM","-1",""
"2/16/14 5:01:00 PM","-1",""
"2/16/14 9:01:00 PM","-1",""
"2/17/14 1:01:00 AM","-1",""
"2/17/14 5:01:00 AM","-1",""
"2/17/14 9:01:00 AM","-1",""
"2/17/14 1:01:00 PM","-1",""
"2/17/14 5:01:00 PM","-1",""
"2/17/14 9:01:00 PM","-1",""
"2/18/14 1:01:00 AM","-1",""
"2/18/14 5:01:00 AM","-1",""
"2/18/14 9:01:00 AM","-1",""
"2/18/14 1:01:00 PM","-1",""
"2/18/14 5:01:00 PM","-1",""
"2/18/14 9:01:00 PM","-1",""
"2/19/14 1:01:00 AM","-1",""
"2/19/14 5:01:00 AM","-1",""
"2/19/14 9:01:00 AM","-1",""
"2/19/14 1:01:00 PM","-1",""
"2/19/14 5:01:00 PM","-1",""
"2/19/14 9:01:00 PM","-1",""
"2/20/14 1:01:00 AM","-1",""
"2/20/14 5:01:00 AM","-1",""
"2/20/14 9:01:00 AM","-1",""
"2/20/14 1:01:00 PM","-1",""
"2/20/14 5:01:00 PM","-1",""
"2/20/14 9:01:00 PM","-1",""
"2/21/14 1:01:00 AM","-1",""
"2/21/14 5:01:00 AM","-1",""
"2/21/14 9:01:00 AM","-1",""
"2/21/14 1:01:00 PM","-1",""
"2/21/14 5:01:00 PM","-1",""
"2/21/14 9:01:00 PM","-1",""
"2/22/14 1:01:00 AM","-1",""
"2/22/14 5:01:00 AM","-1",""
"2/22/14 9:01:00 AM","-1",""
"2/22/14 1:01:00 PM","-1",""
"2/22/14 5:01:00 PM","-1",""
"2/22/14 9:01:00 PM","-1",""
"2/23/14 1:01:00 AM","-1",""
"2/23/14 5:01:00 AM","-1",""
"2/23/14 9:01:00 AM","-1",""
"2/23/14 1:01:00 PM","-1",""
"2/23/14 5:01:00 PM","-1",""
"2/23/14 9:01:00 PM","-1",""
"2/24/14 1:01:00 AM","-1",""
"2/24/14 5:01:00 AM","-1",""
"2/24/14 9:01:00 AM","-1",""
"2/24/14 1:01:00 PM","-1",""
"2/24/14 5:01:00 PM","-1",""
"2/24/14 9:01:00 PM","-1",""
"2/25/14 1:01:00 AM","-1",""
"2/25/14 5:01:00 AM","-1",""
"2/25/14 9:01:00 AM","-1",""
"2/25/14 1:01:00 PM","-1",""
"2/25/14 5:01:00 PM","-1",""
"2/25/14 9:01:00 PM","-1",""
"2/26/14 1:01:00 AM","-1",""
"2/26/14 5:01:00 AM","-1",""
"2/26/14 9:01:00 AM","-1",""
"2/26/14 1:01:00 PM","-1",""
"2/26/14 5:01:00 PM","-1",""
"2/26/14 9:01:00 PM","-1",""
"2/27/14 1:01:00 AM","-1",""
"2/27/14 5:01:00 AM","-1",""
"2/27/14 9:01:00 AM","-1",""
"2/27/14 1:01:00 PM","-1",""
"2/27/14 5:01:00 PM","-1",""
"2/27/14 9:01:00 PM","-1",""
"2/28/14 1:01:00 AM","-1",""
"2/28/14 5:01:00 AM","-1",""
"2/28/14 9:01:00 AM","-1",""
"2/28/14 1:01:00 PM","-1",""
"2/28/14 5:01:00 PM","-1",""
"2/28/14 9:01:00 PM","-1",""
"3/1/14 1:01:00 AM","-1",""
"3/1/14 5:01:00 AM","-1",""
"3/1/14 9:01:00 AM","-1",""
"3/1/14 1:01:00 PM","-1",""
"3/1/14 5:01:00 PM","-1",""
"3/1/14 9:01:00 PM","-1",""
"3/2/14 1:01:00 AM","-1",""
"3/2/14 5:01:00 AM","-1",""
"3/2/14 9:01:00 AM","-1",""
"3/2/14 1:01:00 PM","-1",""
"3/2/14 5:01:00 PM","-1",""
"3/2/14 9:01:00 PM","-1",""
"3/3/14 1:01:00 AM","-1",""
"3/3/14 5:01:00 AM","-1",""
"3/3/14 9:01:00 AM","-1",""
"3/3/14 1:01:00 PM","-1",""
"3/3/14 5:01:00 PM","-1",""
"3/3/14 9:01:00 PM","-1",""
"3/4/14 1:01:00 AM","-1",""
"3/4/14 5:01:00 AM","-1",""
"3/4/14 9:01:00 AM","-1",""
"3/4/14 1:01:00 PM","-1",""
"3/4/14 5:01:00 PM","-1",""
"3/4/14 9:01:00 PM","-1",""
"3/5/14 1:01:00 AM","-1",""
"3/5/14 5:01:00 AM","-1",""
"3/5/14 9:01:00 AM","-1",""
"3/5/14 1:01:00 PM","-1",""
"3/5/14 5:01:00 PM","-1",""
"3/5/14 9:01:00 PM","-1",""
"3/6/14 1:01:00 AM","-1",""
"3/6/14 5:01:00 AM","-1",""
"3/6/14 9:01:00 AM","-1",""
"3/6/14 1:01:00 PM","-1",""
"3/6/14 5:01:00 PM","-1",""
"3/6/14 9:01:00 PM","-1",""
"3/7/14 1:01:00 AM","-1",""
"3/7/14 5:01:00 AM","-1",""
"3/7/14 9:01:00 AM","-1",""
"3/7/14 1:01:00 PM","-1",""
"3/7/14 5:01:00 PM","-1",""
"3/7/14 9:01:00 PM","-1",""
"3/8/14 1:01:00 AM","-1",""
"3/8/14 5:01:00 AM","-1",""
"3/8/14 9:01:00 AM","-1",""
"3/8/14 1:01:00 PM","-1",""
"3/8/14 5:01:00 PM","-1",""
"3/8/14 9:01:00 PM","-1",""
"3/9/14 1:01:00 AM","-1",""
"3/9/14 5:01:00 AM","-1",""
"3/9/14 9:01:00 AM","-1",""
"3/9/14 1:01:00 PM","-1",""
"3/9/14 5:01:00 PM","-1",""
"3/9/14 9:01:00 PM","-1",""
"3/10/14 1:01:00 AM","-1",""
"3/10/14 5:01:00 AM","-1",""
"3/10/14 9:01:00 AM","-1",""
"3/10/14 1:01:00 PM","-1",""
"3/10/14 5:01:00 PM","-1",""
"3/10/14 9:01:00 PM","-1",""
"3/11/14 1:01:00 AM","-1",""
"3/11/14 5:01:00 AM","-1",""
"3/11/14 9:01:00 AM","-1",""
"3/11/14 1:01:00 PM","-1",""
"3/11/14 5:01:00 PM","-1",""
"3/11/14 9:01:00 PM","-1",""
"3/12/14 1:01:00 AM","-1",""
"3/12/14 5:01:00 AM","-1",""
"3/12/14 9:01:00 AM","-1",""
"3/12/14 1:01:00 PM","-1",""
"3/12/14 5:01:00 PM","-1",""
"3/12/14 9:01:00 PM","-1",""
"3/13/14 1:01:00 AM","-1",""
"3/13/14 5:01:00 AM","-1",""
"3/13/14 9:01:00 AM","-1",""
"3/13/14 1:01:00 PM","-1",""
"3/13/14 5:01:00 PM","-1",""
"3/13/14 9:01:00 PM","-1",""
"3/14/14 1:01:00 AM","-1",""
"3/14/14 5:01:00 AM","-1",""
"3/14/14 9:01:00 AM","-1",""
"3/14/14 1:01:00 PM","-1",""
"3/14/14 5:01:00 PM","-1",""
"3/14/14 9:01:00 PM","-1",""
"3/15/14 1:01:00 AM","-1",""
"3/15/14 5:01:00 AM","-1",""
"3/15/14 9:01:00 AM","-1",""
"3/15/14 1:01:00 PM","-1",""
"3/15/14 5:01:00 PM","-1",""
"3/15/14 9:01:00 PM","-1",""
"3/16/14 1:01:00 AM","-1",""
"3/16/14 5:01:00 AM","-1",""
"3/16/14 9:01:00 AM","-1",""
"3/16/14 1:01:00 PM","-1",""
"3/16/14 5:01:00 PM","-1",""
"3/16/14 9:01:00 PM","-1",""
"3/17/14 1:01:00 AM","-1",""
"3/17/14 5:01:00 AM","-1",""
"3/17/14 9:01:00 AM","-1",""
"3/17/14 1:01:00 PM","-1",""
"3/17/14 5:01:00 PM","-1",""
"3/17/14 9:01:00 PM","-1",""
"3/18/14 1:01:00 AM","-1",""
"3/18/14 5:01:00 AM","-1",""
"3/18/14 9:01:00 AM","-1",""
"3/18/14 1:01:00 PM","-1",""
"3/18/14 5:01:00 PM","-1",""
"3/18/14 9:01:00 PM","-1",""
"3/19/14 1:01:00 AM","-1",""
"3/19/14 5:01:00 AM","-1",""
"3/19/14 9:01:00 AM","-1",""
"3/19/14 1:01:00 PM","-1",""
"3/19/14 5:01:00 PM","-1",""
"3/19/14 9:01:00 PM","-1",""
"3/20/14 1:01:00 AM","-1",""
"3/20/14 5:01:00 AM","-1",""
"3/20/14 9:01:00 AM","-1",""
"3/20/14 1:01:00 PM","-1",""
"3/20/14 5:01:00 PM","-1",""
"3/20/14 9:01:00 PM","-1",""
"3/21/14 1:01:00 AM","-1",""
"3/21/14 5:01:00 AM","-1",""
"3/21/14 9:01:00 AM","-1",""
"3/21/14 1:01:00 PM","-1",""
"3/21/14 5:01:00 PM","-1",""
"3/21/14 9:01:00 PM","-1",""
"3/22/14 1:01:00 AM","-1",""
"3/22/14 5:01:00 AM","-1",""
"3/22/14 9:01:00 AM","-1",""
"3/22/14 1:01:00 PM","-1",""
"3/22/14 5:01:00 PM","-1",""
"3/22/14 9:01:00 PM","-1",""
"3/23/14 1:01:00 AM","-1",""
"3/23/14 5:01:00 AM","-1",""
"3/23/14 9:01:00 AM","-1",""
"3/23/14 1:01:00 PM","-1",""
"3/23/14 5:01:00 PM","-1",""
"3/23/14 9:01:00 PM","-1",""
"3/24/14 1:01:00 AM","-1",""
"3/24/14 5:01:00 AM","-1",""
"3/24/14 9:01:00 AM","-1",""
"3/24/14 1:01:00 PM","-1",""
"3/24/14 5:01:00 PM","-1",""
"3/24/14 9:01:00 PM","-1",""
"3/25/14 1:01:00 AM","-1",""
"3/25/14 5:01:00 AM","-1",""
"3/25/14 9:01:00 AM","-1",""
"3/25/14 1:01:00 PM","-1",""
"3/25/14 5:01:00 PM","-1",""
"3/25/14 9:01:00 PM","-1",""
"3/26/14 1:01:00 AM","-1",""
"3/26/14 5:01:00 AM","-1",""
"3/26/14 9:01:00 AM","-1",""
"3/26/14 1:01:00 PM","-1",""
"3/26/14 5:01:00 PM","-1",""
"3/26/14 9:01:00 PM","-1",""
"3/27/14 1:01:00 AM","-1",""
"3/27/14 5:01:00 AM","-1",""
"3/27/14 9:01:00 AM","-1",""
"3/27/14 1:01:00 PM","-1",""
"3/27/14 5:01:00 PM","-1",""
"3/27/14 9:01:00 PM","-1",""
"3/28/14 1:01:00 AM","-1",""
"3/28/14 5:01:00 AM","-1",""
"3/28/14 9:01:00 AM","-1",""
"3/28/14 1:01:00 PM","-1",""
"3/28/14 5:01:00 PM","-1",""
"3/28/14 9:01:00 PM","-1",""
"3/29/14 1:01:00 AM","-1",""
"3/29/14 5:01:00 AM","-1",""
"3/29/14 9:01:00 AM","-1",""
"3/29/14 1:01:00 PM","-1",""
"3/29/14 5:01:00 PM","-1",""
"3/29/14 9:01:00 PM","-1",""
"3/30/14 1:01:00 AM","-1",""
"3/30/14 5:01:00 AM","-1",""
"3/30/14 9:01:00 AM","-1",""
"3/30/14 1:01:00 PM","-1",""
"3/30/14 5:01:00 PM","-1",""
"3/30/14 9:01:00 PM","-1",""
"3/31/14 1:01:00 AM","-1",""
"3/31/14 5:01:00 AM","-1",""
"3/31/14 9:01:00 AM","-1",""
"3/31/14 1:01:00 PM","-1",""
"3/31/14 5:01:00 PM","-1",""
"3/31/14 9:01:00 PM","-1",""
"4/1/14 1:01:00 AM","-1",""
"4/1/14 5:01:00 AM","-1",""
"4/1/14 9:01:00 AM","-1",""
"4/1/14 1:01:00 PM","-1",""
"4/1/14 5:01:00 PM","-1",""
"4/1/14 9:01:00 PM","-1",""
"4/2/14 1:01:00 AM","-1",""
"4/2/14 5:01:00 AM","-1",""
"4/2/14 9:01:00 AM","-1",""
"4/2/14 1:01:00 PM","-1",""
"4/2/14 5:01:00 PM","-1",""
"4/2/14 9:01:00 PM","-1",""
"4/3/14 1:01:00 AM","-1",""
"4/3/14 5:01:00 AM","-1",""
"4/3/14 9:01:00 AM","-1",""
"4/3/14 1:01:00 PM","-1",""
"4/3/14 5:01:00 PM","-1",""
"4/3/14 9:01:00 PM","-1",""
"4/4/14 1:01:00 AM","-1",""
"4/4/14 5:01:00 AM","-1",""
"4/4/14 9:01:00 AM","-1",""
"4/4/14 1:01:00 PM","-1",""
"4/4/14 5:01:00 PM","-1",""
"4/4/14 9:01:00 PM","-1",""
"4/5/14 1:01:00 AM","-1",""
"4/5/14 5:01:00 AM","-1",""
"4/5/14 9:01:00 AM","-1",""
"4/5/14 1:01:00 PM","-1",""
"4/5/14 5:01:00 PM","-1",""
"4/5/14 9:01:00 PM","-1",""
"4/6/14 1:01:00 AM","-1",""
"4/6/14 5:01:00 AM","-1",""
"4/6/14 9:01:00 AM","-1",""
"4/6/14 1:01:00 PM","-1",""
"4/6/14 5:01:00 PM","-1",""
"4/6/14 9:01:00 PM","-1",""
"4/7/14 1:01:00 AM","-1",""
"4/7/14 5:01:00 AM","-1",""
"4/7/14 9:01:00 AM","-1",""
"4/7/14 1:01:00 PM","-1",""
"4/7/14 5:01:00 PM","-1",""
"4/7/14 9:01:00 PM","-1",""
"4/8/14 1:01:00 AM","-1",""
"4/8/14 5:01:00 AM","-1",""
"4/8/14 9:01:00 AM","-1",""
"4/8/14 1:01:00 PM","-1",""
"4/8/14 5:01:00 PM","-1",""
"4/8/14 9:01:00 PM","-1",""
"4/9/14 1:01:00 AM","-1",""
"4/9/14 5:01:00 AM","-1",""
"4/9/14 9:01:00 AM","-1",""
"4/9/14 1:01:00 PM","-1",""
"4/9/14 5:01:00 PM","-1",""
"4/9/14 9:01:00 PM","-1",""
"4/10/14 1:01:00 AM","-1",""
"4/10/14 5:01:00 AM","-1",""
"4/10/14 9:01:00 AM","-1",""
"4/10/14 1:01:00 PM","-1",""
"4/10/14 5:01:00 PM","-1",""
"4/10/14 9:01:00 PM","-1",""
"4/11/14 1:01:00 AM","-1",""
"4/11/14 5:01:00 AM","-1",""
"4/11/14 9:01:00 AM","-1",""
"4/11/14 1:01:00 PM","-1",""
"4/11/14 5:01:00 PM","-0.5",""
"4/11/14 9:01:00 PM","-0.5",""
"4/12/14 1:01:00 AM","-0.5",""
"4/12/14 5:01:00 AM","-0.5",""
"4/12/14 9:01:00 AM","-0.5",""
"4/12/14 1:01:00 PM","-0.5",""
"4/12/14 5:01:00 PM","-0.5",""
"4/12/14 9:01:00 PM","-0.5",""
"4/13/14 1:01:00 AM","-0.5",""
"4/13/14 5:01:00 AM","-0.5",""
"4/13/14 9:01:00 AM","-0.5",""
"4/13/14 1:01:00 PM","-0.5",""
"4/13/14 5:01:00 PM","-0.5",""
"4/13/14 9:01:00 PM","-0.5",""
"4/14/14 1:01:00 AM","-0.5",""
"4/14/14 5:01:00 AM","-0.5",""
"4/14/14 9:01:00 AM","-0.5",""
"4/14/14 1:01:00 PM","-0.5",""
"4/14/14 5:01:00 PM","-0.5",""
"4/14/14 9:01:00 PM","-0.5",""
"4/15/14 1:01:00 AM","-0.5",""
"4/15/14 5:01:00 AM","-0.5",""
"4/15/14 9:01:00 AM","-0.5",""
"4/15/14 1:01:00 PM","-0.5",""
"4/15/14 5:01:00 PM","-0.5",""
"4/15/14 9:01:00 PM","-0.5",""
"4/16/14 1:01:00 AM","-0.5",""
"4/16/14 5:01:00 AM","-0.5",""
"4/16/14 9:01:00 AM","-0.5",""
"4/16/14 1:01:00 PM","-0.5",""
"4/16/14 5:01:00 PM","-0.5",""
"4/16/14 9:01:00 PM","-0.5",""
"4/17/14 1:01:00 AM","-0.5",""
"4/17/14 5:01:00 AM","-0.5",""
"4/17/14 9:01:00 AM","-0.5",""
"4/17/14 1:01:00 PM","-0.5",""
"4/17/14 5:01:00 PM","-0.5",""
"4/17/14 9:01:00 PM","-0.5",""
"4/18/14 1:01:00 AM","-0.5",""
"4/18/14 5:01:00 AM","-0.5",""
"4/18/14 9:01:00 AM","-0.5",""
"4/18/14 1:01:00 PM","-0.5",""
"4/18/14 5:01:00 PM","-0.5",""
"4/18/14 9:01:00 PM","-0.5",""
"4/19/14 1:01:00 AM","-0.5",""
"4/19/14 5:01:00 AM","-0.5",""
"4/19/14 9:01:00 AM","-0.5",""
"4/19/14 1:01:00 PM","-0.5",""
"4/19/14 5:01:00 PM","-0.5",""
"4/19/14 9:01:00 PM","-0.5",""
"4/20/14 1:01:00 AM","-0.5",""
"4/20/14 5:01:00 AM","-0.5",""
"4/20/14 9:01:00 AM","-0.5",""
"4/20/14 1:01:00 PM","-0.5",""
"4/20/14 5:01:00 PM","-0.5",""
"4/20/14 9:01:00 PM","-0.5",""
"4/21/14 1:01:00 AM","-0.5",""
"4/21/14 5:01:00 AM","-0.5",""
"4/21/14 9:01:00 AM","-0.5",""
"4/21/14 1:01:00 PM","-0.5",""
"4/21/14 5:01:00 PM","-0.5",""
"4/21/14 9:01:00 PM","-0.5",""
"4/22/14 1:01:00 AM","-0.5",""
"4/22/14 5:01:00 AM","-0.5",""
"4/22/14 9:01:00 AM","-0.5",""
"4/22/14 1:01:00 PM","-0.5",""
"4/22/14 5:01:00 PM","-0.5",""
"4/22/14 9:01:00 PM","-0.5",""
"4/23/14 1:01:00 AM","-0.5",""
"4/23/14 5:01:00 AM","-0.5",""
"4/23/14 9:01:00 AM","0",""
"4/23/14 1:01:00 PM","0",""
"4/23/14 5:01:00 PM","0",""
"4/23/14 9:01:00 PM","0",""
"4/24/14 1:01:00 AM","0",""
"4/24/14 5:01:00 AM","0",""
"4/24/14 9:01:00 AM","0",""
"4/24/14 1:01:00 PM","0",""
"4/24/14 5:01:00 PM","0",""
"4/24/14 9:01:00 PM","0",""
"4/25/14 1:01:00 AM","0",""
"4/25/14 5:01:00 AM","0",""
"4/25/14 9:01:00 AM","0",""
"4/25/14 1:01:00 PM","0",""
"4/25/14 5:01:00 PM","0",""
"4/25/14 9:01:00 PM","0",""
"4/26/14 1:01:00 AM","0",""
"4/26/14 5:01:00 AM","0",""
"4/26/14 9:01:00 AM","0",""
"4/26/14 1:01:00 PM","0",""
"4/26/14 5:01:00 PM","0",""
"4/26/14 9:01:00 PM","0",""
"4/27/14 1:01:00 AM","0",""
"4/27/14 5:01:00 AM","0",""
"4/27/14 9:01:00 AM","0",""
"4/27/14 1:01:00 PM","0",""
"4/27/14 5:01:00 PM","0",""
"4/27/14 9:01:00 PM","0",""
"4/28/14 1:01:00 AM","0",""
"4/28/14 5:01:00 AM","0",""
"4/28/14 9:01:00 AM","0",""
"4/28/14 1:01:00 PM","0",""
"4/28/14 5:01:00 PM","0",""
"4/28/14 9:01:00 PM","0",""
"4/29/14 1:01:00 AM","0",""
"4/29/14 5:01:00 AM","0",""
"4/29/14 9:01:00 AM","0",""
"4/29/14 1:01:00 PM","0",""
"4/29/14 5:01:00 PM","0",""
"4/29/14 9:01:00 PM","0",""
"4/30/14 1:01:00 AM","0",""
"4/30/14 5:01:00 AM","0",""
"4/30/14 9:01:00 AM","0",""
"4/30/14 1:01:00 PM","0",""
"4/30/14 5:01:00 PM","0",""
"4/30/14 9:01:00 PM","0",""
"5/1/14 1:01:00 AM","0",""
"5/1/14 5:01:00 AM","0",""
"5/1/14 9:01:00 AM","0",""
"5/1/14 1:01:00 PM","0",""
"5/1/14 5:01:00 PM","0",""
"5/1/14 9:01:00 PM","0",""
"5/2/14 1:01:00 AM","0",""
"5/2/14 5:01:00 AM","0",""
"5/2/14 9:01:00 AM","0",""
"5/2/14 1:01:00 PM","0",""
"5/2/14 5:01:00 PM","0",""
"5/2/14 9:01:00 PM","0",""
"5/3/14 1:01:00 AM","0",""
"5/3/14 5:01:00 AM","0",""
"5/3/14 9:01:00 AM","0",""
"5/3/14 1:01:00 PM","0",""
"5/3/14 5:01:00 PM","0",""
"5/3/14 9:01:00 PM","0",""
"5/4/14 1:01:00 AM","0",""
"5/4/14 5:01:00 AM","0",""
"5/4/14 9:01:00 AM","0",""
"5/4/14 1:01:00 PM","0",""
"5/4/14 5:01:00 PM","0",""
"5/4/14 9:01:00 PM","0",""
"5/5/14 1:01:00 AM","0",""
"5/5/14 5:01:00 AM","0",""
"5/5/14 9:01:00 AM","0",""
"5/5/14 1:01:00 PM","0",""
"5/5/14 5:01:00 PM","0",""
"5/5/14 9:01:00 PM","0",""
"5/6/14 1:01:00 AM","0",""
"5/6/14 5:01:00 AM","0",""
"5/6/14 9:01:00 AM","0",""
"5/6/14 1:01:00 PM","0",""
"5/6/14 5:01:00 PM","0",""
"5/6/14 9:01:00 PM","0",""
"5/7/14 1:01:00 AM","0",""
"5/7/14 5:01:00 AM","0",""
"5/7/14 9:01:00 AM","0",""
"5/7/14 1:01:00 PM","0",""
"5/7/14 5:01:00 PM","0",""
"5/7/14 9:01:00 PM","0",""
"5/8/14 1:01:00 AM","0",""
"5/8/14 5:01:00 AM","0",""
"5/8/14 9:01:00 AM","0",""
"5/8/14 1:01:00 PM","0",""
"5/8/14 5:01:00 PM","0",""
"5/8/14 9:01:00 PM","0",""
"5/9/14 1:01:00 AM","0",""
"5/9/14 5:01:00 AM","0",""
"5/9/14 9:01:00 AM","0",""
"5/9/14 1:01:00 PM","0",""
"5/9/14 5:01:00 PM","0",""
"5/9/14 9:01:00 PM","0",""
"5/10/14 1:01:00 AM","0",""
"5/10/14 5:01:00 AM","0",""
"5/10/14 9:01:00 AM","0",""
"5/10/14 1:01:00 PM","0",""
"5/10/14 5:01:00 PM","0",""
"5/10/14 9:01:00 PM","0",""
"5/11/14 1:01:00 AM","0",""
"5/11/14 5:01:00 AM","0",""
"5/11/14 9:01:00 AM","0",""
"5/11/14 1:01:00 PM","0",""
"5/11/14 5:01:00 PM","0",""
"5/11/14 9:01:00 PM","0",""
"5/12/14 1:01:00 AM","0",""
"5/12/14 5:01:00 AM","0",""
"5/12/14 9:01:00 AM","0",""
"5/12/14 1:01:00 PM","0",""
"5/12/14 5:01:00 PM","0",""
"5/12/14 9:01:00 PM","0",""
"5/13/14 1:01:00 AM","0",""
"5/13/14 5:01:00 AM","0",""
"5/13/14 9:01:00 AM","0",""
"5/13/14 1:01:00 PM","0",""
"5/13/14 5:01:00 PM","0",""
"5/13/14 9:01:00 PM","0",""
"5/14/14 1:01:00 AM","0",""
"5/14/14 5:01:00 AM","0",""
"5/14/14 9:01:00 AM","0",""
"5/14/14 1:01:00 PM","0",""
"5/14/14 5:01:00 PM","0",""
"5/14/14 9:01:00 PM","0",""
"5/15/14 1:01:00 AM","0",""
"5/15/14 5:01:00 AM","0",""
"5/15/14 9:01:00 AM","0",""
"5/15/14 1:01:00 PM","0",""
"5/15/14 5:01:00 PM","0",""
"5/15/14 9:01:00 PM","0",""
"5/16/14 1:01:00 AM","0",""
"5/16/14 5:01:00 AM","0",""
"5/16/14 9:01:00 AM","0",""
"5/16/14 1:01:00 PM","0",""
"5/16/14 5:01:00 PM","0",""
"5/16/14 9:01:00 PM","0",""
"5/17/14 1:01:00 AM","0",""
"5/17/14 5:01:00 AM","0",""
"5/17/14 9:01:00 AM","0",""
"5/17/14 1:01:00 PM","0",""
"5/17/14 5:01:00 PM","0",""
"5/17/14 9:01:00 PM","0",""
"5/18/14 1:01:00 AM","0",""
"5/18/14 5:01:00 AM","0",""
"5/18/14 9:01:00 AM","0",""
"5/18/14 1:01:00 PM","0",""
"5/18/14 5:01:00 PM","0",""
"5/18/14 9:01:00 PM","0",""
"5/19/14 1:01:00 AM","0",""
"5/19/14 5:01:00 AM","0",""
"5/19/14 9:01:00 AM","0",""
"5/19/14 1:01:00 PM","0",""
"5/19/14 5:01:00 PM","0",""
"5/19/14 9:01:00 PM","0",""
"5/20/14 1:01:00 AM","0",""
"5/20/14 5:01:00 AM","0",""
"5/20/14 9:01:00 AM","0",""
"5/20/14 1:01:00 PM","0",""
"5/20/14 5:01:00 PM","0",""
"5/20/14 9:01:00 PM","0",""
"5/21/14 1:01:00 AM","0",""
"5/21/14 5:01:00 AM","0",""
"5/21/14 9:01:00 AM","0",""
"5/21/14 1:01:00 PM","0",""
"5/21/14 5:01:00 PM","0",""
"5/21/14 9:01:00 PM","0",""
"5/22/14 1:01:00 AM","0",""
"5/22/14 5:01:00 AM","0",""
"5/22/14 9:01:00 AM","0",""
"5/22/14 1:01:00 PM","0",""
"5/22/14 5:01:00 PM","0",""
"5/22/14 9:01:00 PM","0",""
"5/23/14 1:01:00 AM","0",""
"5/23/14 5:01:00 AM","0",""
"5/23/14 9:01:00 AM","0",""
"5/23/14 1:01:00 PM","0",""
"5/23/14 5:01:00 PM","0",""
"5/23/14 9:01:00 PM","0",""
"5/24/14 1:01:00 AM","0",""
"5/24/14 5:01:00 AM","0",""
"5/24/14 9:01:00 AM","0",""
"5/24/14 1:01:00 PM","0",""
"5/24/14 5:01:00 PM","0",""
"5/24/14 9:01:00 PM","0",""
"5/25/14 1:01:00 AM","0",""
"5/25/14 5:01:00 AM","0",""
"5/25/14 9:01:00 AM","0",""
"5/25/14 1:01:00 PM","0",""
"5/25/14 5:01:00 PM","0",""
"5/25/14 9:01:00 PM","0",""
"5/26/14 1:01:00 AM","0",""
"5/26/14 5:01:00 AM","0",""
"5/26/14 9:01:00 AM","0",""
"5/26/14 1:01:00 PM","0",""
"5/26/14 5:01:00 PM","0",""
"5/26/14 9:01:00 PM","0",""
"5/27/14 1:01:00 AM","0",""
"5/27/14 5:01:00 AM","0",""
"5/27/14 9:01:00 AM","0",""
"5/27/14 1:01:00 PM","0",""
"5/27/14 5:01:00 PM","0",""
"5/27/14 9:01:00 PM","0",""
"5/28/14 1:01:00 AM","0",""
"5/28/14 5:01:00 AM","0",""
"5/28/14 9:01:00 AM","0",""
"5/28/14 1:01:00 PM","0",""
"5/28/14 5:01:00 PM","0",""
"5/28/14 9:01:00 PM","0",""
"5/29/14 1:01:00 AM","0",""
"5/29/14 5:01:00 AM","0",""
"5/29/14 9:01:00 AM","0",""
"5/29/14 1:01:00 PM","0",""
"5/29/14 5:01:00 PM","0",""
"5/29/14 9:01:00 PM","0",""
"5/30/14 1:01:00 AM","0",""
"5/30/14 5:01:00 AM","0",""
"5/30/14 9:01:00 AM","0",""
"5/30/14 1:01:00 PM","0",""
"5/30/14 5:01:00 PM","0",""
"5/30/14 9:01:00 PM","0",""
"5/31/14 1:01:00 AM","0",""
"5/31/14 5:01:00 AM","0",""
"5/31/14 9:01:00 AM","0",""
"5/31/14 1:01:00 PM","0",""
"5/31/14 5:01:00 PM","0",""
"5/31/14 9:01:00 PM","0",""
"6/1/14 1:01:00 AM","0",""
"6/1/14 5:01:00 AM","0",""
"6/1/14 9:01:00 AM","0",""
"6/1/14 1:01:00 PM","0",""
"6/1/14 5:01:00 PM","0",""
"6/1/14 9:01:00 PM","0",""
"6/2/14 1:01:00 AM","0",""
"6/2/14 5:01:00 AM","0",""
"6/2/14 9:01:00 AM","0",""
"6/2/14 1:01:00 PM","0",""
"6/2/14 5:01:00 PM","0",""
"6/2/14 9:01:00 PM","0",""
"6/3/14 1:01:00 AM","0",""
"6/3/14 5:01:00 AM","0",""
"6/3/14 9:01:00 AM","0",""
"6/3/14 1:01:00 PM","0",""
"6/3/14 5:01:00 PM","0",""
"6/3/14 9:01:00 PM","0",""
"6/4/14 1:01:00 AM","0",""
"6/4/14 5:01:00 AM","0",""
"6/4/14 9:01:00 AM","0",""
"6/4/14 1:01:00 PM","0",""
"6/4/14 5:01:00 PM","0",""
"6/4/14 9:01:00 PM","0",""
"6/5/14 1:01:00 AM","0",""
"6/5/14 5:01:00 AM","0",""
"6/5/14 9:01:00 AM","0",""
"6/5/14 1:01:00 PM","0",""
"6/5/14 5:01:00 PM","0",""
"6/5/14 9:01:00 PM","0",""
"6/6/14 1:01:00 AM","0",""
"6/6/14 5:01:00 AM","0",""
"6/6/14 9:01:00 AM","0",""
"6/6/14 1:01:00 PM","0",""
"6/6/14 5:01:00 PM","0",""
"6/6/14 9:01:00 PM","0",""
"6/7/14 1:01:00 AM","0",""
"6/7/14 5:01:00 AM","0",""
"6/7/14 9:01:00 AM","0",""
"6/7/14 1:01:00 PM","0",""
"6/7/14 5:01:00 PM","0",""
"6/7/14 9:01:00 PM","0",""
"6/8/14 1:01:00 AM","0",""
"6/8/14 5:01:00 AM","0",""
"6/8/14 9:01:00 AM","0",""
"6/8/14 1:01:00 PM","0",""
"6/8/14 5:01:00 PM","0",""
"6/8/14 9:01:00 PM","0",""
"6/9/14 1:01:00 AM","0",""
"6/9/14 5:01:00 AM","0",""
"6/9/14 9:01:00 AM","0",""
"6/9/14 1:01:00 PM","0",""
"6/9/14 5:01:00 PM","0",""
"6/9/14 9:01:00 PM","0",""
"6/10/14 1:01:00 AM","0",""
"6/10/14 5:01:00 AM","0",""
"6/10/14 9:01:00 AM","0",""
"6/10/14 1:01:00 PM","0",""
"6/10/14 5:01:00 PM","0",""
"6/10/14 9:01:00 PM","0",""
"6/11/14 1:01:00 AM","0",""
"6/11/14 5:01:00 AM","0",""
"6/11/14 9:01:00 AM","0",""
"6/11/14 1:01:00 PM","0",""
"6/11/14 5:01:00 PM","0.5",""
"6/11/14 9:01:00 PM","0.5",""
"6/12/14 1:01:00 AM","0.5",""
"6/12/14 5:01:00 AM","0.5",""
"6/12/14 9:01:00 AM","0.5",""
"6/12/14 1:01:00 PM","0.5",""
"6/12/14 5:01:00 PM","1",""
"6/12/14 9:01:00 PM","1.5",""
"6/13/14 1:01:00 AM","1",""
"6/13/14 5:01:00 AM","1",""
"6/13/14 9:01:00 AM","1",""
"6/13/14 1:01:00 PM","1",""
"6/13/14 5:01:00 PM","2",""
"6/13/14 9:01:00 PM","2",""
"6/14/14 1:01:00 AM","1.5",""
"6/14/14 5:01:00 AM","1.5",""
"6/14/14 9:01:00 AM","1",""
"6/14/14 1:01:00 PM","1",""
"6/14/14 5:01:00 PM","1.5",""
"6/14/14 9:01:00 PM","2",""
"6/15/14 1:01:00 AM","1.5",""
"6/15/14 5:01:00 AM","1",""
"6/15/14 9:01:00 AM","1",""
"6/15/14 1:01:00 PM","1",""
"6/15/14 5:01:00 PM","2",""
"6/15/14 9:01:00 PM","2.5",""
"6/16/14 1:01:00 AM","2",""
"6/16/14 5:01:00 AM","2",""
"6/16/14 9:01:00 AM","1.5",""
"6/16/14 1:01:00 PM","1.5",""
"6/16/14 5:01:00 PM","2",""
"6/16/14 9:01:00 PM","2.5",""
"6/17/14 1:01:00 AM","2",""
"6/17/14 5:01:00 AM","2",""
"6/17/14 9:01:00 AM","1.5",""
"6/17/14 1:01:00 PM","2",""
"6/17/14 5:01:00 PM","2.5",""
"6/17/14 9:01:00 PM","3",""
"6/18/14 1:01:00 AM","2.5",""
"6/18/14 5:01:00 AM","2.5",""
"6/18/14 9:01:00 AM","2",""
"6/18/14 1:01:00 PM","2.5",""
"6/18/14 5:01:00 PM","2.5",""
"6/18/14 9:01:00 PM","3",""
"6/19/14 1:01:00 AM","2.5",""
"6/19/14 5:01:00 AM","2",""
"6/19/14 9:01:00 AM","2",""
"6/19/14 1:01:00 PM","2",""
"6/19/14 5:01:00 PM","3",""
"6/19/14 9:01:00 PM","3.5",""
"6/20/14 1:01:00 AM","2.5",""
"6/20/14 5:01:00 AM","2.5",""
"6/20/14 9:01:00 AM","2",""
"6/20/14 1:01:00 PM","2.5",""
"6/20/14 5:01:00 PM","25.5",""
"6/20/14 9:01:00 PM","23",""
"6/21/14 1:01:00 AM","22.5",""
"6/21/14 5:01:00 AM","21.5",""
"6/21/14 9:01:00 AM","21",""
"6/21/14 1:01:00 PM","21.5",""
"6/21/14 5:01:00 PM","23",""
"6/21/14 9:01:00 PM","23.5",""
"6/22/14 1:01:00 AM","22",""
"6/22/14 5:01:00 AM","20.5",""
"6/22/14 9:01:00 AM","20.5",""
"6/22/14 1:01:00 PM","22",""
"6/22/14 5:01:00 PM","23.5",""
"6/22/14 9:01:00 PM","24.5",""
"6/23/14 1:01:00 AM","24",""
"6/23/14 5:01:00 AM","23",""
"6/23/14 9:01:00 AM","23",""
"6/23/14 1:01:00 PM","23.5",""
"6/23/14 5:01:00 PM","24.5",""
"6/23/14 9:01:00 PM","25.5",""
"6/24/14 1:01:00 AM","24.5",""
"6/24/14 5:01:00 AM","24",""
"6/24/14 9:01:00 AM","23.5",""
"6/24/14 1:01:00 PM","24.5",""
"6/24/14 5:01:00 PM","25",""
"6/24/14 9:01:00 PM","25.5",""
"6/25/14 1:01:00 AM","25",""
"6/25/14 5:01:00 AM","24",""
"6/25/14 9:01:00 AM","22",""
"6/25/14 1:01:00 PM","23",""
"6/25/14 5:01:00 PM","23.5",""
"6/25/14 9:01:00 PM","24",""
"6/26/14 1:01:00 AM","23.5",""
"6/26/14 5:01:00 AM","21.5",""
"6/26/14 9:01:00 AM","21",""
"6/26/14 1:01:00 PM","23",""
"6/26/14 5:01:00 PM","24",""
"6/26/14 9:01:00 PM","24",""
"6/27/14 1:01:00 AM","24.5",""
"6/27/14 5:01:00 AM","24.5",""
"6/27/14 9:01:00 AM","23",""
"6/27/14 1:01:00 PM","23.5",""
"6/27/14 5:01:00 PM","27.5",""
"6/27/14 9:01:00 PM","21",""
"6/28/14 1:01:00 AM","14.5",""
"6/28/14 5:01:00 AM","13.5",""
"6/28/14 9:01:00 AM","13",""
"6/28/14 1:01:00 PM","32.5",""
"6/28/14 5:01:00 PM","27",""
"6/28/14 9:01:00 PM","19.5",""
"6/29/14 1:01:00 AM","14",""
"6/29/14 5:01:00 AM","10",""
"6/29/14 9:01:00 AM","16",""
"6/29/14 1:01:00 PM","36.5",""
"6/29/14 5:01:00 PM","33.5",""
"6/29/14 9:01:00 PM","27",""
"6/30/14 1:01:00 AM","26",""
"6/30/14 5:01:00 AM","24.5",""
"6/30/14 9:01:00 AM","23.5",""
"6/30/14 1:01:00 PM","25",""
"6/30/14 5:01:00 PM","26",""
"6/30/14 9:01:00 PM","25.5",""
"7/1/14 1:01:00 AM","24",""
"7/1/14 5:01:00 AM","21",""
"7/1/14 9:01:00 AM","20.5",""
"7/1/14 1:01:00 PM","22.5",""
"7/1/14 5:01:00 PM","23.5",""
"7/1/14 9:01:00 PM","23.5",""
"7/2/14 1:01:00 AM","22.5",""
"7/2/14 5:01:00 AM","20.5",""
"7/2/14 9:01:00 AM","20",""
"7/2/14 1:01:00 PM","22",""
"7/2/14 5:01:00 PM","24",""
"7/2/14 9:01:00 PM","24",""
"7/3/14 1:01:00 AM","24",""
"7/3/14 5:01:00 AM","23.5",""
"7/3/14 9:01:00 AM","22.5",""
"7/3/14 1:01:00 PM","23.5",""
"7/3/14 5:01:00 PM","25",""
"7/3/14 9:01:00 PM","25.5",""
"7/4/14 1:01:00 AM","25.5",""
"7/4/14 5:01:00 AM","25",""
"7/4/14 9:01:00 AM","25",""
"7/4/14 1:01:00 PM","25.5",""
"7/4/14 5:01:00 PM","26",""
"7/4/14 9:01:00 PM","24.5",""
"7/5/14 1:01:00 AM","25",""
"7/5/14 5:01:00 AM","25",""
"7/5/14 9:01:00 AM","23",""
"7/5/14 1:01:00 PM","24.5",""
"7/5/14 5:01:00 PM","25",""
"7/5/14 9:01:00 PM","24",""
"7/6/14 1:01:00 AM","24.5",""
"7/6/14 5:01:00 AM","23",""
"7/6/14 9:01:00 AM","21",""
"7/6/14 1:01:00 PM","23",""
"7/6/14 5:01:00 PM","24",""
"7/6/14 9:01:00 PM","24.5",""
"7/7/14 1:01:00 AM","24.5",""
"7/7/14 5:01:00 AM","24",""
"7/7/14 9:01:00 AM","23",""
"7/7/14 1:01:00 PM","24",""
"7/7/14 5:01:00 PM","24.5",""
"7/7/14 9:01:00 PM","24",""
"7/8/14 1:01:00 AM","23",""
"7/8/14 5:01:00 AM","22",""
"7/8/14 9:01:00 AM","21",""
"7/8/14 1:01:00 PM","23",""
"7/8/14 5:01:00 PM","24",""
"7/8/14 9:01:00 PM","24",""
"7/9/14 1:01:00 AM","23",""
"7/9/14 5:01:00 AM","22",""
"7/9/14 9:01:00 AM","21",""
"7/9/14 1:01:00 PM","22.5",""
"7/9/14 5:01:00 PM","23.5",""
"7/9/14 9:01:00 PM","23.5",""
"7/10/14 1:01:00 AM","23",""
"7/10/14 5:01:00 AM","22.5",""
"7/10/14 9:01:00 AM","21.5",""
"7/10/14 1:01:00 PM","24.5",""
"7/10/14 5:01:00 PM","25.5",""
"7/10/14 9:01:00 PM","23",""
"7/11/14 1:01:00 AM","23",""
"7/11/14 5:01:00 AM","23",""
"7/11/14 9:01:00 AM","22",""
"7/11/14 1:01:00 PM","23",""
"7/11/14 5:01:00 PM","24",""
"7/11/14 9:01:00 PM","27",""
"7/12/14 1:01:00 AM","25",""
"7/12/14 5:01:00 AM","24.5",""
"7/12/14 9:01:00 AM","23.5",""
"7/12/14 1:01:00 PM","25",""
"7/12/14 5:01:00 PM","26.5",""
"7/12/14 9:01:00 PM","23.5",""
"7/13/14 1:01:00 AM","24.5",""
"7/13/14 5:01:00 AM","23",""
"7/13/14 9:01:00 AM","22.5",""
"7/13/14 1:01:00 PM","24.5",""
"7/13/14 5:01:00 PM","25",""
"7/13/14 9:01:00 PM","25.5",""
"7/14/14 1:01:00 AM","25",""
"7/14/14 5:01:00 AM","24",""
"7/14/14 9:01:00 AM","23.5",""
"7/14/14 1:01:00 PM","26",""
"7/14/14 5:01:00 PM","27",""
"7/14/14 9:01:00 PM","25.5",""
"7/15/14 1:01:00 AM","26.5",""
"7/15/14 5:01:00 AM","25.5",""
"7/15/14 9:01:00 AM","24",""
"7/15/14 1:01:00 PM","29",""
"7/15/14 5:01:00 PM","25.5",""
"7/15/14 9:01:00 PM","25.5",""
"7/16/14 1:01:00 AM","26",""
"7/16/14 5:01:00 AM","25",""
"7/16/14 9:01:00 AM","24.5",""
"7/16/14 1:01:00 PM","27",""
